ranking_year,rank_current,rank_previous,rank_change,university_name,guardian_score,satisfaction_teaching,satisfaction_overall,spend_per_student,student_staff_ratio,career_prospects,value_added_score,entry_tariff,satisfaction_feedback
2015,41.0,43.0,-2.0,Aberdeen,62.5,88.9096962130669,87.9511382565241,4.94290654664648,15.5027206872238,76.6051660516605,5.33033730345184,444.321818181816,67.0903641207815
2015,101.0,114.0,-13.0,Abertay Dundee,46.3,86.25,83.6327345309381,2.3631534805703,21.3270164083778,67.7033492822966,6.62769128850612,330.042452830188,59.6215351812366
2015,106.0,88.0,18.0,Aberystwyth,43.8,84.2225329310471,82.1176470588235,4.53337588826818,19.9755478360313,53.9636363636363,4.50306505105692,324.985135827783,65.1202446051625
2015,105.0,67.0,38.0,Anglia Ruskin,44.1,85.7857330876546,80.5526315789473,7.82036755561696,23.0271401019191,61.8231665524331,3.44670574443141,251.850363566781,71.6022739235709
2015,22.0,30.0,-8.0,Aston,70.4,86.5485252140818,87.0123691722169,5.81296810395747,16.1509618257311,73.5052754982415,6.21789830877714,381.3974522293,72.5285171102661
2015,82.0,74.0,8.0,Bangor,52.4,85.6437652150392,83.8735818476499,4.7343077438444,17.7585184939545,65.6202143950995,4.41916222658341,305.45942647956,71.0759904741286
2015,4.0,7.0,-3.0,Bath,83.4,92.4923195084485,93.6923076923076,5.88516846845341,16.6325041123123,83.4033613445378,6.28770482760069,489.415845824411,74.3678425947275
2015,69.0,78.0,-9.0,Bath Spa,54.5,89.7112139017377,87.7622377622377,4.46398006100059,20.026318923126,57.9999999999999,5.67868186643282,331.762093576526,75.7232956251877
2015,115.0,110.0,5.0,Bedfordshire,30.7,81.2791093945246,81.4461118690313,4.41497488488907,20.8532459538225,53.7780803267529,3.87295350360183,224.695813953488,71.5089374829869
2015,17.0,15.0,2.0,Birmingham,73.5,89.5763965963743,87.4514158800666,7.54393140775322,14.5404666984119,80.3215242631735,5.83910931098761,439.01195997071,69.5657003221148
2015,88.0,61.0,27.0,Birmingham City,50.2,83.2855357011545,82.5345486621581,4.22638430441716,21.2184110248094,63.2423060251408,6.05392575010199,316.558042852574,72.2232022108543
2015,113.0,115.0,-2.0,Bolton,35.4,83.3790865984527,77.5663495242864,3.40700325732899,19.8698093273645,53.7074148296593,3.23028969563623,275.428835489833,71.1901668831817
2015,71.0,52.0,19.0,Bournemouth,53.8,83.7424547283702,79.3870967741935,5.83625313263204,21.5725040266956,64.2478813559322,5.53202797089961,336.422631804547,68.8740015459933
2015,83.0,90.0,-7.0,Bradford,52.1,81.3723448563098,82.276897414512,4.71755615743842,18.6104072214401,69.434306569343,5.80038398996924,319.877867746289,68.6312104034678
2015,62.0,68.0,-6.0,Brighton,56.9,84.7133387603209,83.2286578274017,3.98142900676199,18.3173141957844,59.0504451038575,6.09451181357814,315.745142857142,70.6658612518005
2015,34.0,23.0,11.0,Bristol,66.0999999999999,89.2041987062126,86.1606053209665,5.28777769404671,14.0555839779724,79.470802919708,5.86308364732479,482.781684597218,66.6634151099839
2015,52.0,44.0,8.0,Brunel,58.7,84.3946477510881,86.6817155756207,5.77816873081401,16.9098649655008,60.7372732592159,4.46450603439068,352.159597030754,72.505157297576
2015,114.0,119.0,-5.0,Bucks New University,32.0,81.7933545744196,77.7878925807919,3.13176519394316,22.1823639612911,44.4933920704845,4.02444495710158,249.742393509127,69.8056665455866
2015,1.0,1.0,0.0,Cambridge,100.0,91.0923401804569,90.2307692307692,9.67483112875609,11.5745714396678,85.7579729139362,5.95267773724743,615.827430555582,72.3512225126864
2015,92.0,104.0,-12.0,Canterbury Christ Church,48.1,86.6685169765935,85.0906400295967,2.9757325184253,18.9483068176436,58.1899775617053,6.50937114673242,276.591363636363,71.3651498335183
2015,26.0,29.0,-3.0,Cardiff,69.0,88.2008684160845,89.1132075471698,7.51726979331181,13.0348561790011,77.8547854785478,5.708518122037,423.446987032799,67.3517100946491
2015,98.0,105.0,-7.0,Cardiff Met,47.0,84.1674158425731,82.754491017964,3.45412425412425,20.252890493474,53.1225905936777,5.0371199537806,303.767676767676,74.0110285303284
2015,67.0,87.0,-20.0,Central Lancashire,55.1,85.6908793009284,85.65625,5.7951112702554,17.1735755461484,55.6083302886371,4.15960572959044,336.870592648162,75.1390885791085
2015,61.0,46.0,15.0,Chester,57.3,87.1637150196025,86.7388362652232,4.39476878842466,16.8808201868335,70.7824838478104,4.46376658561598,302.365283738674,74.5877264125439
2015,80.0,77.0,3.0,Chichester,52.5,89.5219566425791,87.3614190687361,3.33839657282741,18.6506440403976,61.1045828437132,5.26554235223193,305.681660899653,74.3943098466325
2015,35.0,37.0,-2.0,City,66.0,85.683445063061,87.4431301182893,6.79300824384076,17.5233480508189,71.1318795430944,5.85355672978089,394.561583577711,71.673038412525
2015,27.0,33.0,-6.0,Coventry,68.9,90.8834075844833,88.5770234986945,3.7148754957415,15.2987651612507,71.8936516549104,6.43583446359456,313.161044973544,80.145204764803
2015,104.0,109.0,-5.0,Cumbria,44.5,87.2938232283016,82.3342415985467,2.56088784006785,20.8394679834358,59.5412844036697,6.137762231291,288.158112582781,77.1904285324356
2015,85.0,83.0,2.0,De Montfort,51.7,84.8030821917808,83.1765041345879,3.46759313324769,18.1454454369747,54.3587896253602,6.0486862124265,312.684570646595,71.33394243947
2015,50.0,79.0,-29.0,Derby,59.3,88.5415295511386,86.5334034718569,5.09809843277426,16.8179374510264,56.3648293963254,5.22104382192258,305.773347897323,76.1884706501711
2015,47.0,41.0,6.0,Dundee,60.5,89.7213788176459,90.2857142857142,5.68320006102437,14.8585901041435,71.4521452145214,5.75251900087296,408.737528779739,69.8386636207881
2015,8.0,6.0,2.0,Durham,81.7,89.7827950843098,89.9543378995433,5.72356012348228,15.5688543717004,83.2273838630806,6.42713909760501,526.725617283957,71.8498199897137
2015,109.0,117.0,-8.0,East London,41.0,81.7451961042379,77.7924130663856,5.8127849938112,26.2766601630341,44.6186742694226,5.92030141975475,278.188183807439,70.3662772339753
2015,75.0,70.0,5.0,Edge Hill,53.0,88.0043501903208,87.0434782608695,3.8453003050148,16.8194208315835,61.0223642172524,4.44023066973268,307.806374501992,77.9885157473464
2015,18.0,19.0,-1.0,Edinburgh,72.7,84.8342682304946,81.973898858075,9.24948783045421,13.8200394099682,75.614671503426,6.54047383314922,489.223233404711,55.4513194925969
2015,78.0,85.0,-7.0,Edinburgh Napier,52.6,86.9150548177199,83.7076648841354,3.77312455202073,21.6473217066864,63.3220910623946,7.01683725640083,347.981331168831,70.9020784229697
2015,54.0,63.0,-9.0,Essex,58.5,85.8762399622106,86.2665585293322,4.65725967396327,16.0602261770975,52.3844460748349,4.72886118230326,343.046171829339,72.0920185765201
2015,12.0,12.0,0.0,Exeter,79.5999999999999,91.7521598272138,90.2702702702702,6.64812347332913,17.216731300911,78.3126787416587,6.83968331791625,458.952232282235,73.9904988123515
2015,53.0,76.0,-23.0,Falmouth,58.6,79.1380387257963,70.5,6.44546979865771,22.9876347853739,61.7549668874172,5.54050959060979,316.172448979591,65.6015976035946
2015,25.0,21.0,4.0,Glasgow,69.3,91.6839016882304,89.9077277970011,6.18141901107253,15.2375287589635,74.9512670565302,4.50378115548786,487.428348301446,68.1774497366701
2015,91.0,96.0,-5.0,Glasgow Caledonian,48.3,83.2809351068117,82.1727917472598,4.02566608373624,20.8981053455007,64.3324607329843,6.12101063829787,370.346625766871,61.3851808860514
2015,74.0,80.0,-6.0,Gloucestershire,53.3,84.8732179780171,82.4477351916376,4.83973811557073,23.5580129030048,61.2556053811659,7.37215239591516,295.055360896986,73.1900452488687
2015,64.0,108.0,-44.0,Glyndwr,55.7,83.25,80.8125,3.8822591688575,20.0695158079273,62.4793388429752,4.74962678043001,287.447098976109,75.2
2015,48.0,51.0,-3.0,Goldsmiths,60.0,91.2543728135931,88.4743504330446,3.82985928076837,16.9161461040948,53.3632286995515,6.4545856600402,345.75,70.2933333333333
2015,87.0,71.0,16.0,Greenwich,51.3,85.4233282357848,83.9444444444444,3.81857955092994,21.5164226263811,53.6159600997506,6.58774280628313,312.104874446085,71.9435649613953
2015,13.0,18.0,-5.0,Heriot-Watt,79.5,88.0083941241131,91.2660256410256,7.63301718862991,16.4110322162373,78.2085561497326,5.90342173332591,423.500446827524,77.1771291483406
2015,66.0,82.0,-16.0,Hertfordshire,55.2,82.6224328593996,81.7798841495524,4.91852881064094,18.3452549943204,62.0058565153733,6.83868266581228,343.863943161634,66.4771530848599
2015,56.0,42.0,14.0,Huddersfield,58.3,87.527254072079,86.1901101716628,3.74086194785339,18.3013387729059,67.2902191341528,5.56954932207846,334.552370842179,78.6168684588549
2015,76.0,62.0,14.0,Hull,53.0,89.4017789663391,89.4651162790697,4.18078099844581,17.796565555841,55.4585152838428,5.4027249213052,332.833674723474,73.3246584255042
2015,5.0,9.0,-4.0,Imperial College,82.9,88.1824871228844,87.3165002935995,8.35142577951496,11.6615653425853,87.8286270691334,6.37774532543023,576.257868580894,69.2180876118699
2015,42.0,45.0,-3.0,Keele,62.5,90.4724716907458,91.90625,3.70419772629155,15.1700523351983,69.3320790216368,5.61432305123078,383.533674963396,73.1168019987507
2015,20.0,20.0,0.0,Kent,71.9,86.9690744545,87.5166592625499,5.84164610101552,13.5934417951998,71.1111111111111,6.194034311632,372.031540411151,68.9687333451767
2015,40.0,32.0,8.0,King's College London,64.5,86.9538991813873,82.9142266620737,6.59131736647377,11.4386920418336,82.2222222222222,6.24047631881052,469.679281345565,65.414311319454
2015,99.0,100.0,-1.0,Kingston,47.0,82.3952879581151,80.3051979017644,4.90842308832307,19.3806798259239,57.8208832026413,4.01058586395568,298.312279463656,66.525504377617
2015,10.0,11.0,-1.0,Lancaster,80.5,90.1620618262297,88.4857142857142,7.6277700636764,14.9487793321242,73.1754161331626,5.77900381284999,448.533656174334,72.0521023765996
2015,28.0,34.0,-6.0,Leeds,68.5999999999999,89.142008619753,87.1234067207415,6.64164204249204,14.6664462801428,70.0764111412373,6.36515880230485,434.05889698231,71.475371814571
2015,108.0,107.0,1.0,Leeds Met,42.6,85.5068150705315,83.3214370687603,3.21092889841803,19.8586050612006,60.7101947308132,5.02675830558854,279.962610145272,69.6238095238095
2015,111.0,111.0,0.0,Leeds Trinity,39.7999999999999,88.1199538638985,86.3076923076922,2.29958932238193,23.5693935131557,57.8947368421052,3.24330010604453,279.63596491228,76.9029678609872
2015,21.0,13.0,8.0,Leicester,71.0,89.0124053487997,88.9246619446233,7.16940378528385,12.9461821127084,71.2477396021699,5.96268113468174,401.321731369924,72.7876248791492
2015,65.0,56.0,9.0,Lincoln,55.3,85.1095016382134,84.361005856011,4.06486550821233,18.633526098649,69.5014662756598,3.41780194269656,337.700631199278,72.0463480240016
2015,45.0,54.0,-9.0,Liverpool,61.3,87.3850506955906,88.3163457908644,6.58142058529033,12.7477488943418,72.2316145393068,5.67999507313977,414.234285714285,68.4385256724638
2015,81.0,69.0,12.0,Liverpool John Moores,52.5,84.3217016271319,81.7967830521773,3.81057692307692,19.7253290854101,55.4468802698145,6.79592614322226,335.860697863132,74.0414020230533
2015,116.0,116.0,0.0,London Met,29.9,79.6010007056257,74.2439774474628,2.23808906742689,21.5196676145097,46.2333825701624,4.31788366054753,238.849586776859,66.9315967593067
2015,7.0,3.0,4.0,London School of Economics,82.0,85.0808468078013,88.3411059293804,7.29936862005722,11.7604819932192,76.3257575757575,4.95712883952469,537.767826086951,71.4038359083644
2015,112.0,113.0,-1.0,London South Bank,37.1,80.6538942107455,80.2998750520616,3.79055639097744,24.2357362973682,56.4960629921259,5.53461446645977,233.307996832937,65.7951706910907
2015,15.0,14.0,1.0,Loughborough,74.5,86.8339270825437,88.4335154826957,6.5307926059513,15.5512012486102,75.9332023575638,5.90954420212274,406.512996389891,72.2946347377993
2015,33.0,31.0,2.0,Manchester,66.2,87.1948122973553,84.0443819346772,7.15416102318511,13.8977142079429,72.0774729075397,4.96199166303419,442.396455595382,68.7458983093222
2015,72.0,93.0,-21.0,Manchester Met,53.8,83.2818462656732,82.0610687022901,3.23771392351574,18.2176522289864,58.3333333333333,5.77648425945489,343.664851277754,71.2218181818181
2015,86.0,103.0,-17.0,Middlesex,51.6,82.9391669951386,79.5795006570302,6.24186326165725,20.5451152151938,53.6710719530102,5.25858667009447,287.104683195592,72.8938500421229
2015,29.0,27.0,2.0,Newcastle,68.5999999999999,89.2114452493876,89.8520525109397,5.30769496762801,15.1852461070426,80.3017944535073,5.46372645673925,438.07673060884,71.0786151731033
2015,44.0,47.0,-3.0,Northampton,61.7,89.1063647403386,86.843607305936,6.2628812314737,19.7843755685307,58.3643122676579,6.5357103697715,280.243990384615,77.4204603872736
2015,60.0,58.0,2.0,Northumbria,57.4,86.5074958356468,87.1039466370205,4.27084040266938,18.484366774979,62.0509243111266,5.73734645402103,365.529506871463,72.7595977554308
2015,23.0,28.0,-5.0,Nottingham,70.4,88.1026014189557,87.6045074518357,6.69771478760411,14.0658023391364,77.4114441416893,5.94375929311254,441.980698706814,68.6306601200218
2015,57.0,73.0,-16.0,Nottingham Trent,57.8,85.1150287571893,86.314736052039,4.40812930324055,17.1577053237444,62.6461211477151,5.58485259324241,319.98864380869,72.8032008002
2015,2.0,2.0,0.0,Oxford,94.4,92.4634420697412,90.6453226613306,9.90024941686014,10.9975481710657,78.7304594978683,7.25916591749785,580.112068965518,71.4314254320247
2015,39.0,35.0,4.0,Oxford Brookes,64.5999999999999,89.2942156629374,85.5310049893086,5.55756160285511,16.8950254798864,63.4807417974322,6.22498480725024,369.531704781704,73.2469512195122
2015,68.0,59.0,9.0,Plymouth,54.8,87.4576647604241,85.2706299911268,6.0400471881628,16.1968428526956,58.2114361702127,5.09291558797407,315.703527815468,70.3139571028908
2015,55.0,48.0,7.0,Portsmouth,58.4,86.8984247691472,87.3940447728754,4.93123821225618,18.5530042701914,63.2419298854564,7.20818207309094,313.980617977529,70.3985066851883
2015,70.0,81.0,-11.0,Queen Margaret,54.5,88.0673841834347,83.7383177570093,2.94941634241245,20.4920992115637,68.4210526315789,6.90348071495766,338.782374100719,61.8976279650436
2015,32.0,36.0,-4.0,Queen Mary,67.2,88.1784076698624,88.2136894824707,7.28763957091775,13.9915665469178,70.0315457413249,4.77637249418195,424.481547354381,69.8193694594414
2015,46.0,49.0,-3.0,"Queen's, Belfast",60.8,89.5770151636073,87.9336028942328,4.58633256610039,15.5143061090148,75.3461538461538,4.96211426713685,391.126143790849,72.9226056248138
2015,30.0,38.0,-8.0,Reading,68.3,88.1818181818182,87.3888888888889,6.82566308669079,14.7104041945794,69.5544554455445,5.04568571254344,375.481643356643,67.7286856127886
2015,51.0,55.0,-4.0,Robert Gordon,59.1,86.291097865795,87.8648233486943,3.63114497472162,19.2751056968719,82.3643410852713,4.7625612698986,384.17391304348,70.4363859864782
2015,100.0,102.0,-2.0,Roehampton,46.4,87.2367028950658,85.802231627549,3.61320571648639,20.2086445163949,53.7715517241379,5.30743971288549,286.522421524663,72.037222179497
2015,36.0,39.0,-3.0,Royal Holloway,65.2,90.3251835713709,88.9068564036222,4.32546374112952,15.3877104095905,63.700707785642,5.21843081191043,405.131319358815,70.427890192035
2015,94.0,86.0,8.0,Salford,47.6,83.3439761600681,79.93182786536,3.83589005425507,16.974325148122,60.1585728444003,4.94409379506676,340.534838076546,68.3141762452107
2015,37.0,40.0,-3.0,Sheffield,65.0999999999999,90.1953383032933,89.8736564208938,5.74185208465297,14.9352469309963,72.2417427969079,5.52772668340799,438.812008978675,70.0109380304001
2015,73.0,72.0,1.0,Sheffield Hallam,53.5,84.4688827793051,81.8036392721455,4.82400404580413,18.3874355707062,57.818620066285,6.6079876585533,321.113,69.2353811103561
2015,24.0,22.0,2.0,SOAS,69.4,89.8644421272158,88.0199667221297,5.99916527545909,11.6278495843975,66.9090909090909,7.10763509078976,422.410901467505,66.6555740432612
2015,102.0,19.0,83.0,South Wales,46.1,82.4418179602778,80.4824561403508,4.51707940023397,22.8950650229982,56.1731014000848,4.83514211843451,321.257897218293,69.8177565539421
2015,19.0,24.0,-5.0,Southampton,72.5,88.5863362139246,88.8502499456639,6.57991866436642,12.7639211956218,76.079734219269,6.27889543114156,431.136656493726,67.1477005998435
2015,107.0,112.0,-5.0,Southampton Solent,43.2,79.8241076047594,77.670572019297,3.51089049352396,18.8376016952999,48.4777517564402,5.0242732535001,298.637330754352,67.4710424710424
2015,3.0,4.0,-1.0,St Andrews,92.4,94.0927864758428,92.0415224913494,7.4889727831431,11.7668650958958,79.6019900497512,7.7348168722846,523.304047384007,75.6792118833217
2015,96.0,89.0,7.0,"St Mary's UC, Twickenham",47.2,87.5921052631579,86.4353312302839,2.98039106971242,22.3527770148062,66.3551401869158,4.40252612633166,293.683544303797,72.6650521217226
2015,90.0,92.0,-2.0,Staffordshire,48.8,85.9350716629252,83.5521769177608,5.07076215734764,17.7321315974369,55.2558782849239,4.24518571535293,273.09111747851,71.1091172613706
2015,63.0,57.0,6.0,Stirling,56.6,87.7549057329742,85.8352578906851,4.21075091640184,15.6898912093226,64.2791551882461,3.9342336993042,380.206418039896,66.5435518621114
2015,38.0,26.0,12.0,Strathclyde,64.8,88.0174836091164,87.1999999999999,5.96254791452322,19.3284580506927,75.0473783954516,5.32612360558126,470.237255836112,63.5358839709927
2015,77.0,65.0,12.0,Sunderland,52.9,85.6271864067966,82.48,6.8751719032182,17.8918792970152,49.6727272727272,4.29770062229074,302.66178343949,72.8896363927598
2015,6.0,8.0,-2.0,Surrey,82.5,91.4380966813153,90.9448818897637,7.48770291014795,15.4348884390784,73.3005733005733,6.65869678647064,422.313486370157,74.0985394824556
2015,43.0,50.0,-7.0,Sussex,61.9,88.5049632492233,88.6906561838524,5.99283209404359,16.5284738645886,54.9033643521832,5.47869528579877,408.576730190571,65.0066642433054
2015,58.0,60.0,-2.0,Swansea,57.8,85.9069675636554,84.5263157894736,4.82690108421993,15.5032146039596,77.7545691906005,5.67419391661505,340.435393258426,68.7851844057452
2015,84.0,75.0,9.0,Teesside,51.8,85.3947225540232,84.672166739036,4.57383004189108,18.8051456562552,53.6445012787723,4.68649383040007,323.572972972973,78.3964558721334
2015,11.0,5.0,6.0,UCL,80.2,85.758920202462,83.3083458270864,8.7578404770779,10.24146214414,81.3264649066323,6.71858082425957,521.165545087484,62.1771494229904
2015,14.0,17.0,-3.0,UEA,76.0999999999999,91.7038358608385,90.6860409718913,7.28197162208928,13.0495935304153,69.2140921409213,5.85669998979196,430.763535400279,69.7907750832144
2015,93.0,97.0,-4.0,Ulster,47.8,86.4452606876849,87.7421986538853,3.51006201194739,19.1828392139242,51.2082092022508,5.93806096564321,309.336888888888,73.7325495958853
2015,79.0,31.0,48.0,UC Suffolk,52.6,84.5373693243875,82.8446662507797,,19.1693223172417,60.9009009009009,4.02656837606837,338.101449275362,74.7906511686039
2015,31.0,53.0,-22.0,University of the Arts London,67.4,77.2061272061272,70.5059920106524,9.85374639769452,18.6890620026506,54.4333076329992,6.22127161383285,343.133956386292,69.0790350526456
2015,49.0,64.0,-15.0,UWE Bristol,59.7,88.9268591247577,87.9542670477745,3.27595265108145,19.9550240927858,68.4995612752267,7.68009643591555,339.178082191781,70.9739279448366
2015,9.0,10.0,-1.0,Warwick,80.7,87.8190899001109,87.1424604276589,8.56369498350063,13.8884738799864,79.0874524714828,5.99987992835725,509.558782365291,66.7277675942898
2015,97.0,84.0,13.0,West London,47.1,81.8603820746295,76.3701067615658,5.37691326530612,18.3490797312113,62.7577319587628,3.28324725629438,255.701007838745,69.269197830431
2015,110.0,106.0,4.0,West of Scotland,40.1,82.9240374609781,83.9850249584026,3.52303210110959,21.9779032194172,56.7349926793557,5.04613969583826,298.546721311475,67.7583333333333
2015,95.0,99.0,-4.0,Westminster,47.5,79.8987170830519,80.2212628170534,4.59094548481065,20.3258574152316,54.158215010142,6.49348314606741,317.126843657817,65.1255738590331
2015,59.0,66.0,-7.0,Winchester,57.6,91.4931588340273,89.3657606103958,2.95329816709292,17.2542629076458,53.9215686274509,6.38665671456117,322.333333333333,77.6593720266412
2015,103.0,95.0,8.0,Worcester,44.7,85.4845719252498,84.1807909604519,3.3339322765161,21.0537453020951,64.3062200956937,5.35078669812147,300.110294117647,69.807876206207
2015,16.0,16.0,0.0,York,74.0,88.8231949971575,87.8181818181818,6.4681615390589,14.9602196514744,75.2470098803952,5.55081492882951,446.319649122807,68.5173386729771
2015,89.0,94.0,-5.0,York St John,49.8,89.0245594560843,86.1265260821309,4.0753392049512,21.0982932680887,61.9638826185101,4.89576753000631,302.157539384846,77.2262935820564
2014,43.0,38.0,5.0,Aberdeen,64.2,86.5165415624131,88.135593220339,5.20027084749149,16.3785200250863,72.4540901502504,6.01297188262718,443.622878228782,64.7268078483686
2014,114.0,119.0,-5.0,Abertay Dundee,34.5,82.8131502288806,81.8030050083472,1.83647636269698,23.9787392119692,52.5641025641026,4.99201824401368,315.531375166889,59.0757978723404
2014,88.0,81.0,7.0,Aberystwyth,49.5,87.6975270065173,88.36129953588,4.79048215387233,19.4140227402421,53.6303630363036,3.29917670329793,327.004207573634,68.9179531160663
2014,67.0,77.0,-10.0,Anglia Ruskin,55.2,86.1826264122986,80.6881243063263,7.8292013767646,20.2090832402237,59.8396501457726,5.20019206145967,247.427493047279,73.5860230974237
2014,30.0,27.0,3.0,Aston,68.6,84.6433439345752,82.0454545454546,6.4972709563505,16.1540362339453,76.2906309751434,6.09510827776147,398.047135605514,65.4
2014,74.0,63.0,11.0,Bangor,53.5,84.6125569769152,82.0987654320988,5.3738812901778,17.9055471275636,61.0077519379845,4.42586500195415,312.700305810396,65.8768887059792
2014,7.0,9.0,-2.0,Bath,82.0,91.5516442797592,91.7037037037037,6.69561307368948,16.8228792405823,79.4432548179872,6.45069086536506,480.80314232902,69.4193452821804
2014,78.0,71.0,7.0,Bath Spa,51.8,87.7824487651077,84.6396633350868,3.91919883954474,21.7630185548638,55.1686615886834,6.03077270265391,339.214137214137,72.4152453148031
2014,110.0,103.0,7.0,Bedfordshire,40.3,80.8378957391097,78.3166904422254,5.57964986942644,23.266043324281,56.3484708063021,4.56150833500703,213.849096258932,68.0342693955259
2014,15.0,30.0,-15.0,Birmingham,75.4,89.2853836897158,87.4259259259259,8.36426858774612,14.834683370414,77.0330652368186,5.75336135003862,443.679860048108,68.4541885786238
2014,61.0,60.0,1.0,Birmingham City,57.3,82.5993861965598,81.3230681494155,5.56296100162651,21.0483941935565,63.413506012951,5.88239966713318,323.524683544304,72.3235210060017
2014,115.0,120.0,-5.0,Bolton,33.1,82.5145711906744,77.7222222222222,3.40363462458154,20.5825997916471,40.4814004376368,3.16098226466576,270.188131313131,68.7271113084008
2014,52.0,55.0,-3.0,Bournemouth,61.2,82.671104639068,78.3132530120482,6.47747570909805,21.4885114397633,61.3467656415694,7.15677091202095,345.127802690583,68.4048569527612
2014,90.0,91.0,-1.0,Bradford,49.2,80.2963248027708,78.0,5.60437218075555,19.3697765012195,67.2766415500538,3.58317584131124,310.809470124014,67.2305089958481
2014,68.0,64.0,4.0,Brighton,54.9,85.381091211995,80.185537583254,4.49870889886062,19.0078621554812,57.9787234042553,5.84412644355128,304.586180713743,68.1854973099081
2014,23.0,18.0,5.0,Bristol,71.0,90.3357763763422,85.6623494660305,5.92958800031331,14.2227349599289,78.6239723063609,5.98015978695073,487.216807247735,65.9092974643279
2014,44.0,44.0,0.0,Brunel,63.4,83.6058970434222,83.9303000968054,6.6497263883259,17.4791293448386,56.3206024744486,5.59319041614124,356.543570219967,72.2598105548038
2014,25.0,16.0,9.0,Buckingham,70.6,88.6613386613386,92.0,3.74755883934301,11.3696720723307,86.2745098039216,1.87086819366342,309.020325203252,78.694433319984
2014,119.0,116.0,3.0,Bucks New University,30.1,79.4048320565704,73.0859835100118,3.85297655904467,24.0737372780234,48.0707395498392,2.25212295444494,236.882587859424,66.6196023061536
2014,1.0,1.0,0.0,Cambridge,100.0,91.5285032932092,90.515275877793,9.74017415675696,11.5868511188856,81.437125748503,6.45047056186476,610.468213925326,74.7952684258417
2014,104.0,105.0,-1.0,Canterbury Christ Church,44.2,85.2870115804382,83.910726182545,3.20348478906381,19.4512754359008,57.4660633484163,5.3723457896801,273.516920473773,71.0828110414722
2014,29.0,40.0,-11.0,Cardiff,68.7,88.5472905418916,87.1368463233821,6.6503569070155,14.236970540136,74.3669896842764,5.29685431507281,433.469435130256,66.69999600048
2014,105.0,66.0,39.0,Cardiff Met,43.8,80.6225603042739,76.9907963185274,3.58303886925795,23.3540983747508,48.2237339380197,5.77193336698637,311.798444976077,69.6358543417367
2014,87.0,72.0,15.0,Central Lancashire,49.7,83.2792072612208,83.727909303101,5.83887117773218,19.3,54.2192429022082,3.69341420448274,298.034694504145,72.5830110681424
2014,46.0,52.0,-6.0,Chester,62.1,88.5521651490929,86.3788300835654,4.08399106370712,16.3419644484644,63.9676113360324,5.39360836705678,296.117283950617,74.7456779142809
2014,77.0,61.0,16.0,Chichester,52.4,89.625,87.4166666666667,3.26618886576483,18.7678754492976,49.7297297297297,3.72678031528566,307.176991150442,73.9572906239573
2014,37.0,21.0,16.0,City,65.6,78.0228953016933,77.6560266793711,7.99191704732797,18.556037066911,71.5447154471545,5.895567789924,390.53259452412,63.0380952380952
2014,33.0,46.0,-13.0,Coventry,67.0,88.5020054641632,86.3361266294227,3.91137760555852,14.6040309236261,69.1350342252645,7.09977284874399,293.944366787811,74.539706155849
2014,109.0,102.0,7.0,Cumbria,41.1,83.235624298366,78.3608195902049,3.11276642979652,18.5768488498689,56.3524590163934,5.92453977577465,252.887108013937,67.6488214143028
2014,83.0,85.0,-2.0,De Montfort,50.3,84.5808062789868,84.1428571428571,3.23462986198244,20.2315034442327,55.7584269662921,5.63561570104956,300.537722520486,70.0205573321151
2014,79.0,70.0,9.0,Derby,51.2,85.1283830673144,83.5696413678065,4.78563965736105,18.7824499517519,49.4704049844237,4.67959989649669,288.388935108153,72.0364403955116
2014,41.0,43.0,-2.0,Dundee,65.0,88.4056576541903,89.8037706810312,5.91683870367787,14.4208652790282,72.2929936305732,5.23617093493371,395.687459389213,68.4178140143066
2014,6.0,7.0,-1.0,Durham,82.3,89.5601256783776,89.6689497716895,6.38111630730703,15.0803276587178,77.8862478777589,6.17383014447111,511.54019789735,73.4015199131478
2014,117.0,115.0,2.0,East London,31.2,80.0121465685944,76.140350877193,3.4938684696609,24.7920718243575,39.0545454545455,4.38764736156792,238.099834528406,68.7929077247419
2014,70.0,75.0,-5.0,Edge Hill,54.3,87.7135726626992,83.9230769230769,3.30106267110182,17.2497121933441,62.7165627165627,4.37346771001431,307.343233082707,74.7808703675227
2014,19.0,15.0,4.0,Edinburgh,74.2,86.5875247318546,83.4860474802166,9.07236418983641,13.8924021920801,73.8830219333875,6.39916011135068,488.995945102935,53.6044670389199
2014,85.0,73.0,12.0,Edinburgh Napier,49.9,83.850513978288,82.993459022701,3.62842348250354,23.8444549053691,68.3076923076923,7.54474101954273,324.922776911076,66.7025365103766
2014,63.0,50.0,13.0,Essex,56.8,84.3550624133148,83.0649639089395,5.19745683196958,16.3729377964613,55.7614826752619,4.14885337388138,342.498181818182,68.8058624326875
2014,12.0,10.0,2.0,Exeter,78.1,92.9513888888889,91.0882842865075,6.02528287362062,18.6617503568895,72.4412937527692,6.65765929832709,470.089151759955,74.0057764941124
2014,76.0,70.0,6.0,Falmouth,53.1,80.0748752079867,74.0432612312812,5.85165001513775,23.9414600199198,51.9503546099291,4.96245837117772,289.182326621924,68.3772075974675
2014,21.0,14.0,7.0,Glasgow,71.3,91.6611640411282,90.5390124387486,6.04924549830199,16.4454293276897,79.0887290167866,4.75938232574145,476.912109375002,69.0224769950219
2014,96.0,92.0,4.0,Glasgow Caledonian,47.3,82.8143213988343,82.9723425524825,4.25730195419206,21.4177039244639,55.8784676354029,5.70259353741496,355.418405564473,54.8309821666223
2014,80.0,59.0,21.0,Gloucestershire,50.9,84.8547933798272,83.1526271893244,5.08017452958822,22.2761382311826,56.2378167641326,6.83372234151807,295.014414414414,71.380892782645
2014,108.0,106.0,2.0,Glyndwr,43.3,81.75,75.7297748123436,3.51548370531004,23.2205745527086,68.6626746506986,4.11415711947627,232.203761755486,69.9783297216203
2014,51.0,65.0,-14.0,Goldsmiths,61.3,88.807583568934,84.7638057218896,3.16121208345201,19.1848802211193,53.8255033557047,6.64138155084022,370.574316290131,70.2277873984281
2014,71.0,88.0,-17.0,Greenwich,54.3,85.0946506736399,83.0716723549488,4.67674977127173,21.3457583893773,55.264564404062,6.46533499457417,285.564157706093,72.0118208683792
2014,18.0,20.0,-2.0,Heriot-Watt,74.5,88.6493804019577,89.8333333333333,6.97362314963027,18.311269279351,73.2644017725259,5.50399310065724,390.796278158667,75.4396199683307
2014,82.0,76.0,6.0,Hertfordshire,50.6,82.1751104848524,82.530737704918,4.19710433531334,19.5019885307319,56.9572506286672,7.01663649566708,312.502676977989,65.9488283853766
2014,42.0,48.0,-6.0,Huddersfield,64.5,88.3272471010315,89.1628145865434,4.29864650453291,18.3564560088673,67.4607471575528,5.993524817399,316.482678214522,81.1184513750192
2014,62.0,69.0,-7.0,Hull,57.1,87.8919497828286,86.6222328017139,4.46118475148807,19.8452951237562,66.4745437079731,4.38441718053214,343.642281879196,70.6154139277889
2014,9.0,13.0,-4.0,Imperial College,80.6,85.8439201451906,87.102633969119,8.28490082566195,11.7213533590714,84.3119266055046,6.67938696029811,566.60523715415,64.2506811989101
2014,45.0,51.0,-6.0,Keele,62.2,90.3347977579155,89.9969687784177,3.80327044134576,16.4644582700312,75.7042253521127,6.61076049086174,356.116710875331,70.8893735611293
2014,20.0,22.0,-2.0,Kent,73.9,89.0738369611609,90.5540639492312,6.39109556574034,14.5523154579207,67.7377333912288,6.61593968227799,379.923700026131,69.7508896797153
2014,32.0,32.0,0.0,King's College London,68.0,87.9790069976674,84.5230153435624,7.16024326707718,11.663834475618,84.4836533471718,5.93719630719697,466.923636363636,64.0948764074888
2014,100.0,95.0,5.0,Kingston,44.9,81.1867582760775,78.3,4.37562099516702,20.3855437113541,55.1455514555146,4.32904356236232,312.971724524077,64.3921215756848
2014,11.0,8.0,3.0,Lancaster,80.0,88.9745786918024,88.5054192812322,6.70308042661772,15.4186796207644,74.2749054224464,4.70933556339858,439.065298507465,72.5809213906491
2014,34.0,37.0,-3.0,Leeds,66.3,88.4833767810592,86.0285714285714,6.53876353796921,16.7629149195114,68.1119233677842,6.20141007911658,427.812777587974,69.2676796526905
2014,107.0,112.0,-5.0,Leeds Met,43.5,86.3817629902982,84.4634784677611,3.0940704138357,20.6879426234763,53.6245954692557,4.52967321898084,278.171000361141,72.5248584613921
2014,111.0,111.0,0.0,Leeds Trinity,40.2,86.4988558352403,84.1930116472546,2.0,23.3308466003793,62.3556581986143,1.81392213570634,286.266487213997,73.4985859258027
2014,13.0,19.0,-6.0,Leicester,77.5,89.9370561652679,90.2965828497743,7.87890047183706,12.928329680301,68.6908077994429,5.34594684841131,413.333911535127,75.6983420424489
2014,56.0,47.0,9.0,Lincoln,59.1,84.891680760248,86.1746696745085,3.81291537439078,19.4246126095451,66.7082294264339,4.38332771598697,324.022506925208,70.4718318937734
2014,54.0,45.0,9.0,Liverpool,60.4,85.9521981186408,86.6948663718516,7.16760782652924,13.2791825104619,68.6336633663366,4.97045781649669,420.389330975538,64.376873990928
2014,69.0,98.0,-29.0,Liverpool John Moores,54.6,83.9443807936673,82.1963394342762,4.21507710250097,21.6107378771254,56.6119852695012,6.91258759932265,327.075065119584,73.7414569094849
2014,116.0,118.0,-2.0,London Met,31.7,79.877687906885,75.6572029442692,2.09097981512922,21.6599255254502,50.0414250207125,4.91174176809493,228.855732725892,61.8358758548133
2014,3.0,3.0,0.0,London School of Economics,90.7,84.4864135671613,86.5280985373364,8.22286575751283,11.0872645732033,82.0773930753564,6.20273669151072,541.878597122299,71.683594952293
2014,113.0,104.0,9.0,London South Bank,39.4,79.9964327120307,79.1919914193779,3.91394899940563,23.6721059192603,58.9170477529256,4.08894511754195,242.08234421365,68.0305626963725
2014,14.0,11.0,3.0,Loughborough,76.3,88.6545668307738,89.2941176470588,6.74040989399293,16.8564505322731,71.4018691588785,5.6831022808268,410.980334316618,73.645508559327
2014,31.0,41.0,-10.0,Manchester,68.1,87.0101965074032,83.6434714620798,7.88180335241556,14.8247002209557,70.4455134909015,4.62209305696814,457.410985178728,66.9290600693468
2014,93.0,108.0,-15.0,Manchester Met,48.2,81.5425276309467,80.3272377285852,3.01062703755451,19.3552459222268,54.7189010429916,5.26756001524197,332.980099502488,68.6728454409107
2014,103.0,94.0,9.0,Middlesex,44.5,77.8825546506644,74.0211488996856,7.41801487680149,23.0271836696535,52.4835988753515,5.71947773938912,249.684139784946,66.98485281509
2014,27.0,33.0,-6.0,Newcastle,69.6,88.0081611833716,87.8063725490196,5.78041480627971,15.3111043613339,76.0584488572499,5.8696903355898,437.869887455394,66.7740882760871
2014,91.0,101.0,-10.0,Newman University College,49.1,87.5531117220695,86.5731462925852,3.23408035428519,18.4401674519754,51.497005988024,4.11760389472942,309.216216216216,76.5540675594643
2014,47.0,86.0,-39.0,Northampton,62.0,86.9617803580068,85.1386202450032,5.8573883161512,19.9717521496819,59.80985306828,7.07231162373092,299.312166172107,73.9088326446281
2014,58.0,56.0,2.0,Northumbria,59.0,86.7130035764896,86.3305473173362,5.12622353147057,17.7485461934377,59.53293830603,5.03360146998775,331.6529209622,74.0686750890833
2014,28.0,26.0,2.0,Nottingham,69.5,89.1676278354479,87.6080691642651,6.82598282041716,13.9689995446029,70.4877376687793,5.48330344407016,439.279302670624,67.5717252519037
2014,73.0,80.0,-7.0,Nottingham Trent,53.7,82.1268754935509,81.2006319115324,4.61078441864198,20.0364448910899,59.3230230522323,5.21736583016748,322.373724007561,66.8368958618511
2014,2.0,2.0,0.0,Oxford,96.2,92.83927975992,91.042291042291,9.66953862670651,11.0511628578256,75.9336099585062,7.30963573634727,583.166836215679,70.8352776481568
2014,35.0,49.0,-14.0,Oxford Brookes,66.2,87.775,85.3609792655508,5.89246802463288,17.325055466681,63.564875491481,6.7502708415907,353.091124822022,71.4635364635365
2014,59.0,62.0,-3.0,Plymouth,58.1,88.9377886443901,87.866927592955,5.94505404725993,16.7956563074379,60.2333931777379,6.00804320843523,315.44642402647,70.495867768595
2014,48.0,78.0,-30.0,Portsmouth,61.9,86.8598776921032,87.1489361702128,5.54709415190488,19.1844941141863,62.4378109452736,6.99306714413608,316.329012961117,68.4713781819727
2014,81.0,74.0,7.0,Queen Margaret,50.8,83.5611870623541,81.8424566088118,2.78787878787879,20.4517009241109,52.0833333333333,6.87085514834206,332.117647058824,60.7357057177129
2014,36.0,36.0,0.0,Queen Mary,65.8,86.896390060947,86.0268834010628,6.74238203178781,12.222690986673,71.8786464410735,5.10083570514412,416.939912455234,68.1047958481836
2014,49.0,53.0,-4.0,"Queen's, Belfast",61.9,87.1158325285463,85.8796821793417,4.98818388607474,15.62160153541,72.382342210872,4.90431474693354,388.226732673267,68.9644204116872
2014,38.0,25.0,13.0,Reading,65.5,87.5008927933719,88.3276255707762,6.08070372312959,15.597257529759,67.4022698612863,5.57859687254724,378.856242615203,65.4498714652956
2014,55.0,35.0,20.0,Robert Gordon,59.9,86.7243867243867,87.2594303310238,3.97860937947346,19.6864847252677,75.074775672981,4.59928344683149,349.71949404762,70.6728181468666
2014,102.0,109.0,-7.0,Roehampton,44.8,86.0011990407674,83.6930455635492,3.3035357438779,20.0265062087996,53.9697542533081,4.76881188295702,275.031098825155,69.1999679666854
2014,39.0,39.0,0.0,Royal Holloway,65.5,88.268156424581,87.720465890183,4.6286525974026,16.2488171911513,64.3306379155436,5.72752235704479,400.314020857474,69.8913984942368
2014,86.0,84.0,2.0,Salford,49.9,81.8025226426626,80.670217487794,3.88712107558663,17.6087437072803,55.8008213552361,4.6371497777187,300.479591836735,67.1466666666667
2014,40.0,42.0,-2.0,Sheffield,65.5,89.805516092686,90.1549323396744,5.13335166809192,15.5102752633417,71.9789265722753,5.68439962918478,441.654622243079,67.7162575484276
2014,72.0,83.0,-11.0,Sheffield Hallam,54.1,83.4059852084048,81.5025500196155,4.35445022699812,19.9775203979086,55.2464469307529,7.18425332357691,316.27813970322,67.4152459337644
2014,22.0,29.0,-7.0,SOAS,71.1,88.8680815647108,83.5548172757475,7.02875272655166,11.848874661236,66.9642857142857,7.17062727467352,437.174698795181,60.1765489673551
2014,24.0,23.0,1.0,Southampton,70.9,88.6389669894824,88.1373569198751,6.488678434684,13.7162145513797,65.9824046920821,5.90034625283325,437.809080654258,66.6069718045896
2014,112.0,117.0,-5.0,Southampton Solent,40.2,80.309046961326,79.1379310344828,3.50123976051939,20.5244622715398,43.6022253129346,4.13056315460862,282.241753977494,64.6235521235521
2014,4.0,4.0,0.0,St Andrews,88.3,91.0871302957634,87.7844311377245,7.85523685733081,12.5909131340585,73.828125,8.01368418433054,524.216776625824,66.6080562659846
2014,101.0,96.0,5.0,St Mark and St John,44.8,87.8939157566303,84.6441947565543,2.14022277090692,20.5104583644741,45.0346420323326,3.62070263627003,253.6,76.1108337493759
2014,89.0,97.0,-8.0,"St Mary's UC, Twickenham",49.3,89.090669824977,88.5263157894737,3.01256268961674,25.0046297975163,58.1162324649299,4.80738436801908,297.379707112971,72.5645076355977
2014,92.0,96.0,-4.0,Staffordshire,48.6,85.8187415816817,84.6805234795997,5.72527580608696,20.3361810401704,48.3187134502924,3.84551776811948,253.812318137731,72.0915936683572
2014,57.0,67.0,-10.0,Stirling,59.1,88.848298404153,87.7927063339731,4.71637698530316,18.2757836213086,61.6483516483516,4.53237487960517,373.818070818071,70.3757780680858
2014,26.0,34.0,-8.0,Strathclyde,70.5,89.2030518689492,87.3365803640092,6.55629176141333,18.3347573351243,71.1741791875348,5.5480316515925,465.407372400756,66.0104583205168
2014,65.0,58.0,7.0,Sunderland,56.3,84.1816607331858,80.8387841477491,6.94142288804248,17.0166457348021,43.1698113207547,5.6640748492477,271.936288088643,71.7185697808535
2014,8.0,12.0,-4.0,Surrey,81.1,89.8583333333333,90.8697100966345,7.80424525314087,16.5774923770743,69.3590869183494,6.71550861384918,417.740632318501,73.3706517393043
2014,50.0,28.0,22.0,Sussex,61.4,87.6828103182186,86.6647041507212,4.8087618855803,17.0782309517608,55.3333333333333,6.31718259414265,407.625847266155,62.5595483150032
2014,60.0,89.0,-29.0,Swansea,57.5,86.8085665484168,85.9847488824612,5.09038094756201,16.1322337608706,69.3288962839712,4.89796602940089,359.57191058625,64.8362640833948
2014,75.0,79.0,-4.0,Teesside,53.4,86.7776689520078,86.3518197573657,5.02828366247756,20.1477173525333,51.2953367875648,4.84006363191385,320.882039122703,77.1984706291276
2014,118.0,110.0,8.0,Trinity Saint David,31.2,82.3676323676324,75.1497005988024,4.05074396918711,21.3342127814455,49.7041420118343,2.04692290197862,241.457461645746,65.4091816367266
2014,98.0,114.0,-16.0,UC Suffolk,46.2,85.5743172816344,79.2153589315526,,20.7327607430618,48.6140724946695,2.5323284410948,290.8608,73.65
2014,5.0,6.0,-1.0,UCL,85.5,85.8809951269556,83.949666153056,9.02812540716612,9.95645882603571,81.5035799522673,7.12179584120983,510.880877742948,61.9013434519536
2014,17.0,24.0,-7.0,UEA,74.7,90.8249055684172,89.544235924933,6.94080409154594,13.5183481561332,67.4368619022031,5.97977948946381,418.098273572378,67.4823300024372
2014,97.0,90.0,7.0,Ulster,46.3,84.2185991024257,85.3469852104664,3.79164565651523,18.5929671968137,53.8523925385239,4.91021983060007,283.760217113665,70.4158145875937
2014,53.0,31.0,22.0,University of the Arts London,61.1,71.4552820193207,60.5493133583021,9.01939970717423,22.4189644602573,52.5940337224384,5.95406295754026,317.261463414634,63.9810426540284
2014,64.0,54.0,10.0,UWE Bristol,56.5,85.7478065700877,82.918874847126,3.22240035286833,21.7122953109754,63.7136990319742,7.79421291574706,322.228730226592,66.1400285772606
2014,10.0,5.0,5.0,Warwick,80.2,87.1369028534787,85.3408508457201,8.5620100677976,14.3097706361079,74.4422890397672,5.77197321087568,505.897495056033,62.7561475409836
2014,84.0,68.0,16.0,West London,50.1,84.3388558924664,79.3017456359102,6.12615482637783,21.6468243657753,50.4635761589404,4.48407136030583,234.467429577465,72.1556886227545
2014,106.0,107.0,-1.0,West of Scotland,43.8,82.9900124843945,83.7984173261141,3.49919358941745,21.7120806890028,51.7347725520432,4.09207778387711,287.745762711865,67.973366625052
2014,99.0,93.0,6.0,Westminster,46.0,76.7864379305687,74.5405405405406,4.1457753173539,20.8319240005115,54.642409033877,6.39475019905656,326.376827094475,63.296952669116
2014,66.0,87.0,-21.0,Winchester,56.2,89.7921599579058,87.4276696475539,2.73826614003371,17.7274522023339,53.5885167464115,6.33489884488492,307.37982832618,75.4337995583132
2014,95.0,99.0,-4.0,Worcester,47.7,82.1611044678769,79.6698523023458,4.48399258659698,23.6153939367377,58.4343991179713,6.47866685148615,282.067444876782,68.9946077578709
2014,16.0,17.0,-1.0,York,75.3,90.726701183432,89.1070766950722,7.20575974542562,15.473566816613,68.2584269662921,5.4131708958093,457.611796982168,71.9715492331629
2014,94.0,100.0,-6.0,York St John,47.8,85.9841644672871,82.7318156579678,5.87969094922737,20.9478893545947,50.8728179551122,4.47287472035794,301.476971116315,67.7233429394813
2013,38.0,45.0,-7.0,Aberdeen,64.0,87.7805486284289,88.0,5.6176202825519,16.1651761457148,68.8026981450253,6.63225119375483,397.430014753583,65.8682634730539
2013,119.0,106.0,13.0,Abertay Dundee,30.2,,,2.08764367816092,25.2352898970519,46.8292682926829,4.91459074733096,276.761328976035,
2013,81.0,50.0,31.0,Aberystwyth,49.0,88.75,89.0,4.37001366619613,19.0800845745173,47.4609375,3.92668515361571,305.169985107056,70.4
2013,77.0,91.0,-14.0,Anglia Ruskin,50.2,80.5,76.0,8.00916380297823,19.137441115812,50.1430615164521,4.77697479271182,240.966494473531,69.8795180722892
2013,27.0,34.0,-7.0,Aston,67.7,83.0423940149626,86.0,6.87655501213837,17.0361677787752,72.6666666666667,6.13013653724471,381.063945525292,63.872255489022
2013,63.0,79.0,-16.0,Bangor,54.4,87.5311720698254,86.0,5.4540800531361,19.0624171183569,55.3805774278215,4.45553066259449,293.423994750488,70.8582834331337
2013,9.0,14.0,-5.0,Bath,75.8,89.2230576441102,91.0,5.54773527047826,17.0932951921291,76.0225669957687,6.82024167787686,459.037608314799,65.863453815261
2013,71.0,65.0,6.0,Bath Spa,51.4,88.4422110552764,84.0,3.77783086478739,21.6141079964817,51.0160427807487,6.17676604252894,300.962508017493,71.3426853707415
2013,103.0,102.0,1.0,Bedfordshire,42.9,83.75,79.0,5.85941604981788,19.3805302672508,53.3941236068896,4.97225120432382,206.575814412636,69.6
2013,30.0,24.0,6.0,Birmingham,67.3,87.25,85.0,8.10420730644155,15.5371801914529,70.4972710733778,5.60635008603121,432.985174433697,61.6465863453815
2013,60.0,90.0,-30.0,Birmingham City,54.7,82.5436408977556,80.0,5.73794540863361,21.065877788423,59.7263533610946,7.04569321415688,280.175578947368,70.8582834331337
2013,120.0,116.0,4.0,Bolton,28.9,81.3432835820896,79.0,3.05170517051705,19.6308475639516,34.4086021505376,3.09612957509466,231.200894308943,66.7334669338677
2013,55.0,42.0,13.0,Bournemouth,56.3,76.0,70.0,6.9125334344264,20.4453375215217,62.1145374449339,7.34109053298426,324.755708047411,59.8
2013,91.0,86.0,5.0,Bradford,46.5,81.5,83.0,5.15919602508822,17.616692266265,63.9274279615795,3.16685764343259,277.036247702085,66.4670658682635
2013,64.0,73.0,-9.0,Brighton,54.3,84.28927680798,83.0,4.63645881620948,18.6346277472607,48.8348530901722,5.99743604393721,289.279005784805,67.065868263473
2013,18.0,25.0,-7.0,Bristol,70.3,90.0,87.0,5.67993454545454,14.274056956781,75.2208480565371,5.94522272272272,476.904175709001,66.4
2013,44.0,82.0,-38.0,Brunel,62.5,82.9573934837093,85.0,6.14667328699106,18.0272143922325,56.6649511065363,5.71526230504355,341.795281490482,72.2
2013,16.0,114.0,-98.0,Buckingham,71.6,91.2935323383085,93.0,3.60643983988698,10.4944230432499,74.1379310344828,1.72258666832638,269.240646551724,79.324055666004
2013,116.0,112.0,4.0,Bucks New University,32.4,78.6967418546366,74.0,3.8621247716001,23.2727342212795,47.0170454545455,3.26621035510979,229.709747327502,69.939879759519
2013,1.0,1.0,0.0,Cambridge,100.0,93.0,94.0,9.77399487193043,11.7972131301448,81.5159574468085,5.65495412018985,588.97465943068,74.8
2013,105.0,107.0,-2.0,Canterbury Christ Church,40.9,83.5,82.0,3.25227171633729,17.5950501251269,59.1715976331361,5.19355658638876,255.315992323685,66.8
2013,40.0,39.0,1.0,Cardiff,63.3,87.0324189526185,86.0,6.18392667872062,14.4256131727386,73.7128237927726,4.86417385746245,431.129993674889,60.2
2013,66.0,67.0,-1.0,Cardiff Met,53.8,82.4561403508772,82.0,4.64987613542527,19.8580051353727,48.0424143556281,4.82372668203731,271.163782608696,71.4570858283433
2013,72.0,69.0,3.0,Central Lancashire,51.4,82.25,82.0,5.76659862458542,18.5,51.6949152542373,4.02466373418064,294.873739240216,70.1195219123506
2013,52.0,80.0,-28.0,Chester,58.9,86.0349127182045,84.0,4.13852060866092,16.6435757920168,63.1578947368421,5.56288720521623,281.578437974684,72.4550898203593
2013,61.0,58.0,3.0,Chichester,54.5,88.0299251870324,87.0,3.23544468775868,18.4290759454079,50.0777604976672,4.94905748558966,290.235616509028,70.4
2013,21.0,22.0,-1.0,City,69.3,81.6120906801008,78.0,7.86881450592234,16.59606855596,65.6182212581345,6.62697502013502,369.750649421375,63.0738522954092
2013,46.0,63.0,-17.0,Coventry,61.6,86.81592039801,85.0,3.36075459172383,15.443365640874,63.257065948856,7.1200942020859,285.13541273756,72.635814889336
2013,102.0,89.0,13.0,Cumbria,43.0,81.7955112219451,75.0,4.08837102815577,17.1665511916589,58.8294651866801,4.99373300989041,262.582565789474,65.3306613226453
2013,85.0,93.0,-8.0,De Montfort,48.4,83.0423940149626,84.0,3.47068293509575,18.0770552893034,51.9983518747425,4.27114002054091,283.505236437482,70.4819277108434
2013,70.0,94.0,-24.0,Derby,52.3,85.0,81.0,4.6591382552299,18.1379721800058,48.2371794871795,4.67955965486462,273.281656446888,71.1729622266402
2013,43.0,26.0,17.0,Dundee,62.9,86.0349127182045,86.0,6.01548120664475,14.1892144231425,64.7108843537415,6.39028976894185,370.180451718494,65.2694610778443
2013,7.0,8.0,-1.0,Durham,78.4,89.4736842105263,90.0,6.23542074554611,15.3421250585224,74.4273219491878,5.64746208468484,500.036579070388,69.4
2013,115.0,115.0,0.0,East London,34.7,81.5,81.0,3.3044869191612,23.7312184880494,44.8548812664908,3.82163378679116,195.348837105572,68.937875751503
2013,75.0,78.0,-3.0,Edge Hill,50.8,86.0349127182045,84.0,2.88142163729355,18.532369972451,56.9935691318328,4.73527156336478,262.075504757484,75.2
2013,15.0,16.0,-1.0,Edinburgh,72.5,86.9674185463659,85.0,8.69896860944941,13.8526348114509,70.6926406926407,6.77353869941423,471.103568654889,51.7034068136273
2013,73.0,52.0,21.0,Edinburgh Napier,51.1,82.7930174563591,83.0,3.66526533605742,23.6230517270304,61.9348054679285,7.50575592087715,289.681452749141,66.2674650698603
2013,50.0,39.0,11.0,Essex,59.0,86.25,88.0,6.76150550988578,15.872932169905,50.0814332247557,4.57493018238774,324.404825956557,67.5298804780876
2013,10.0,11.0,-1.0,Exeter,75.3,91.2718204488778,90.0,5.52694810073064,19.3389434678059,68.505859375,7.33806764269699,455.392197659298,71.1422845691383
2013,82.0,68.0,14.0,Glamorgan,49.0,81.5461346633416,81.0,4.54447167868834,20.5089175067115,49.1877842755036,5.97124657018346,286.452752316224,67.7290836653386
2013,14.0,21.0,-7.0,Glasgow,73.0,90.5,90.0,6.72222930122932,15.2785065730952,74.3269230769231,5.64242583159642,459.140341642632,65.1302605210421
2013,92.0,74.0,18.0,Glasgow Caledonian,46.5,81.9548872180451,82.0,3.54191600625371,20.8743425968041,51.4231499051233,6.62747317914712,331.571670776819,61.3545816733068
2013,59.0,61.0,-2.0,Gloucestershire,54.9,85.25,83.0,4.60679311865902,21.3514631495339,50.0936329588015,7.58100666602261,285.969782128197,71.2574850299401
2013,106.0,102.0,4.0,Glyndwr,40.4,84.5,79.0,3.26683290253915,20.9542513162001,61.1940298507462,4.52089985239978,211.178073510773,74.4510978043912
2013,65.0,62.0,3.0,Goldsmiths,54.0,85.785536159601,83.0,3.37597759753662,17.7036321230839,48.2003129890454,6.2730737783763,340.705420128162,66.8
2013,88.0,99.0,-11.0,Greenwich,47.8,85.7142857142857,84.0,4.49227412125501,22.1207533827666,51.0095011876485,,251.817859341336,72.4
2013,20.0,27.0,-7.0,Heriot-Watt,69.9,85.9649122807018,86.0,7.42526139430983,18.7544154732455,70.6569343065693,6.45723974721968,383.006298215864,66.5330661322645
2013,76.0,72.0,4.0,Hertfordshire,50.6,82.2055137844612,83.0,4.03164501976456,19.7922889391047,56.426735218509,7.72253344113042,294.730773888248,66.3326653306613
2013,48.0,53.0,-5.0,Huddersfield,59.6,85.25,85.0,4.55153688195066,17.8855767538416,64.1217298451682,5.03863684388262,297.321254059801,75.9036144578313
2013,69.0,75.0,-6.0,Hull,52.9,88.7780548628429,89.0,4.65654101936178,19.9028727171279,62.9213483146068,3.54131179606674,325.439392940699,69.4
2013,13.0,10.0,3.0,Imperial College,73.3,83.6683417085427,85.0,8.16361579298541,11.5622896926626,84.4808743169399,4.50938470018276,552.587862957113,54.8
2013,51.0,54.0,-3.0,Keele,59.0,91.044776119403,90.0,3.75474726915843,16.0432945042396,66.977829638273,5.99902628077821,334.769789215686,69.4610778443114
2013,22.0,23.0,-1.0,Kent,69.0,86.5671641791045,88.0,6.29553097745816,14.5584362638481,67.7470775770457,5.80025560337127,349.105037432534,66.3326653306613
2013,32.0,30.0,2.0,King's College London,67.2,87.5,84.0,6.8564251097654,11.6658809345966,75.7231990924561,5.92446913861551,455.598883148335,60.3206412825651
2013,95.0,92.0,3.0,Kingston,45.8,80.8457711442786,79.0,4.45779542234952,19.7810627014258,52.8546712802768,6.78863578700842,277.694992063492,61.2
2013,8.0,7.0,1.0,Lancaster,78.4,89.1959798994975,88.0,7.63445705024311,14.8288233734209,69.676994067238,5.30616081130025,408.799051378768,70.281124497992
2013,37.0,37.0,0.0,Leeds,64.1,87.9699248120301,86.0,5.57830079929017,15.7151009639048,70.0645161290322,5.91107731971201,411.650420406423,65.2610441767068
2013,112.0,102.0,10.0,Leeds Met,37.1,78.75,77.0,3.33627560766748,19.5046645580372,49.1144414168937,4.09808088186466,262.242279411765,63.4538152610442
2013,113.0,84.0,29.0,Leeds Trinity,36.8,85.4636591478697,83.0,1.97522774010252,23.8928963182395,62.3955431754875,1.9207857556694,264.140951149425,72.8915662650602
2013,19.0,17.0,2.0,Leicester,70.1,88.5572139303483,89.0,7.55228875854711,13.6549482006009,60.2673147023086,5.45468960301777,407.972641923041,73.0
2013,47.0,57.0,-10.0,Lincoln,59.7,82.7930174563591,82.0,4.05778152678195,18.8031900537408,65.75,4.74076769146807,315.391799787008,69.7394789579158
2013,45.0,49.0,-4.0,Liverpool,61.8,85.929648241206,86.0,7.16103670963333,13.0001415304978,67.91199667912,5.95357872913105,408.490628481511,60.6786427145708
2013,98.0,111.0,-13.0,Liverpool John Moores,43.8,79.75,80.0,4.34531957482054,20.9993891012921,48.4958318231243,5.5649831038014,292.762472026778,65.8
2013,118.0,119.0,-1.0,London Met,30.5,75.5,73.0,2.93934948342218,19.1699799124436,41.6526138279933,5.97514694041488,224.186634400596,57.7154308617234
2013,3.0,4.0,-1.0,London School of Economics,93.9,82.25,84.0,8.61731423967565,11.7962508012468,82.092555331992,6.79064636016321,525.97510456942,68.2634730538922
2013,104.0,100.0,4.0,London South Bank,41.8,79.5,77.0,4.45561287029333,22.4305511404182,56.0846560846561,5.48716155436833,214.779969183359,62.124248496994
2013,11.0,9.0,2.0,Loughborough,74.6,87.2817955112219,88.0,6.62839116662917,17.0189120567238,69.1962056914628,5.29070471272618,391.382723540663,71.4570858283433
2013,41.0,41.0,0.0,Manchester,63.1,83.7905236907731,79.0,8.22793098265196,15.2371660849773,67.3241852487136,5.21024914748677,421.25778494577,58.8
2013,108.0,108.0,0.0,Manchester Met,39.4,77.5561097256858,75.0,2.99676987127339,19.1150536005977,52.3456790123457,4.79452581032413,291.405387484459,63.0
2013,94.0,75.0,19.0,Middlesex,46.1,79.5,79.0,7.5345289641567,21.9351171087011,48.021582733813,5.48550084595029,218.680629604822,69.2
2013,33.0,31.0,2.0,Newcastle,67.1,88.7780548628429,89.0,5.89785531416868,15.294385402596,72.723642172524,5.28450279582892,424.600693959347,65.9318637274549
2013,101.0,97.0,4.0,Newman University College,43.4,86.5,81.0,3.60941329242443,18.0139385437258,59.4405594405594,3.13673045552865,239.186190487871,72.2
2013,111.0,114.0,-3.0,Newport,38.8,80.8457711442786,76.0,4.14170478170478,24.7989629138717,46.4882943143813,3.02722704431247,258.944950738916,71.6566866267465
2013,86.0,63.0,23.0,Northampton,48.2,83.5,80.0,5.15423676704438,20.6114595122905,46.7980295566503,6.90102325722937,238.631875897775,69.6
2013,56.0,55.0,1.0,Northumbria,56.3,81.5461346633416,83.0,5.37292822789493,18.1653349874933,60.3689567430025,5.14256320138118,315.304460598504,68.1362725450902
2013,26.0,19.0,7.0,Nottingham,68.5,87.4371859296482,87.0,6.40294450747314,14.1408660299524,72.4127372933252,5.60562871368744,434.935586323186,63.8
2013,80.0,67.0,13.0,Nottingham Trent,49.5,78.3582089552239,79.0,4.92294741567989,19.4719376956916,56.038961038961,4.25196440793977,300.816760137457,62.2754491017964
2013,2.0,2.0,0.0,Oxford,94.4,93.483709273183,93.0,9.80854001965857,11.0501303841445,73.342736248237,6.67293694812974,572.300825292901,72.1115537848606
2013,49.0,42.0,7.0,Oxford Brookes,59.6,84.788029925187,82.0,5.48461270156422,16.6807597557946,59.5558546433378,7.05438256261779,322.547519882796,65.7258064516129
2013,62.0,47.0,15.0,Plymouth,54.5,83.25,80.0,6.61322228936989,16.6136072790648,58.67707172055,5.75239092894964,299.90330752803,63.2
2013,78.0,85.0,-7.0,Portsmouth,49.8,84.5386533665835,85.0,4.91876763224181,19.7687361576557,58.6916574788681,3.91104868437778,286.803564485981,67.2654690618762
2013,74.0,56.0,18.0,Queen Margaret,51.1,85.785536159601,78.0,2.53886235345202,20.607740584609,53.8888888888889,7.07837603126357,328.12538787024,58.9178356713427
2013,36.0,36.0,0.0,Queen Mary,64.9,85.785536159601,88.0,7.03877772092851,13.1010881624255,67.7121771217712,4.70208976025306,393.632258051366,67.8
2013,53.0,50.0,3.0,"Queen's, Belfast",57.9,85.5,83.0,5.24300545904187,15.2655777854682,66.783523225241,6.22484697613633,384.306954946029,62.374245472837
2013,25.0,32.0,-7.0,Reading,68.6,87.8109452736318,89.0,5.79372573662896,14.9390465089871,66.3757998836533,6.06116429818,374.156633607622,64.0873015873016
2013,35.0,38.0,-3.0,Robert Gordon,66.2,84.788029925187,86.0,5.11631347962382,19.1066017355365,75.42194092827,4.51835424383638,331.671372633391,69.4
2013,109.0,97.0,12.0,Roehampton,39.1,82.75,79.0,2.81240649425308,20.8463715925202,57.4421168687982,4.20423643540855,257.611881112078,65.4690618762475
2013,39.0,35.0,4.0,Royal Holloway,63.8,88.0,87.0,4.98345281922108,15.5924290254862,60.5,5.63366789381903,393.999720094284,64.7294589178357
2013,84.0,109.0,-25.0,Salford,48.5,81.9548872180451,79.0,3.98508599337028,16.1968433543718,53.3260032985157,4.6695788148845,282.610944172519,64.2
2013,42.0,33.0,9.0,Sheffield,63.0,89.2768079800499,90.0,5.00554140873749,15.4037820343024,68.2605682605682,5.18882018675394,443.603869404804,65.4
2013,83.0,65.0,18.0,Sheffield Hallam,48.7,80.4020100502513,79.0,3.92263335011611,19.5561829047558,54.3126684636119,7.17302131317123,302.066688125194,63.8
2013,29.0,13.0,16.0,SOAS,67.5,86.0349127182045,86.0,7.22284362228436,11.3120112661076,58.641975308642,6.90836739083674,410.149564375605,61.7529880478088
2013,23.0,28.0,-5.0,Southampton,69.0,85.5361596009975,85.0,6.02004434790942,13.4444352272761,68.6699072028281,6.43141181006336,439.34387446151,61.6766467065868
2013,117.0,112.0,5.0,Southampton Solent,31.2,76.0,72.0,3.36710057833474,21.2015686132646,39.7080291970803,2.39257157528846,265.07506551542,61.5230460921844
2013,4.0,3.0,1.0,St Andrews,86.1,95.4773869346734,93.0,7.93109544907304,13.5970450359556,70.668485675307,7.26973655037175,517.976858021978,68.6746987951807
2013,97.0,82.0,15.0,"St Mary's UC, Twickenham",44.2,88.75,87.0,2.3804228946409,23.2589508118089,57.4837310195228,4.15554447431561,264.021486257928,69.4
2013,96.0,77.0,19.0,Staffordshire,45.1,83.25,80.0,5.95368584625636,21.5554041484604,55.1157580283794,3.97697105816477,245.50650229837,68.2634730538922
2013,67.0,44.0,23.0,Stirling,53.7,87.75,88.0,4.46411430951283,20.5253068514112,55.5,4.94734412501906,332.428974645811,69.8602794411178
2013,34.0,29.0,5.0,Strathclyde,66.4,85.5361596009975,87.0,5.87538454906018,17.9418816099525,66.7020711630377,6.38074047897355,434.976346911958,61.3545816733068
2013,58.0,48.0,10.0,Sunderland,55.6,83.7092731829574,82.0,7.04510757107452,16.8862644621517,46.6390041493776,4.83405108444464,274.401216169498,72.7091633466136
2013,12.0,19.0,-7.0,Surrey,73.5,87.0,87.0,7.46486275451979,17.9265386912814,69.3936477382098,6.06279656435822,394.299381443299,68.6507936507936
2013,28.0,11.0,17.0,Sussex,67.7,90.5,88.0,5.09821412495209,16.5924916068623,64.1414141414142,7.52806885543129,381.156857400115,66.8
2013,89.0,94.0,-5.0,Swansea,47.8,82.0,82.0,4.22376355397142,16.4165725272345,61.1494252873563,4.88174832776277,341.655485359289,61.0
2013,79.0,60.0,19.0,Teesside,49.8,84.3434343434343,82.0,5.41591240875912,19.4938716356718,52.8169014084507,4.65113984923317,287.546225679012,74.4
2013,110.0,101.0,9.0,Trinity Saint David,38.9,84.1191066997518,81.0,4.31361384023921,18.7782558818434,43.089430894309,2.37751094081388,246.158731804586,65.6
2013,57.0,46.0,11.0,UC Falmouth,55.6,81.0473815461347,75.0,6.5092203170495,23.1336081935588,49.7545008183306,5.47136848916208,263.810591900312,69.7211155378486
2013,114.0,117.0,-3.0,UC Suffolk,36.2,80.7980049875312,74.0,,19.0302841326118,47.8696741854637,2.15032833020638,263.273660030628,68.6626746506986
2013,6.0,5.0,1.0,UCL,80.7,87.25,88.0,8.62843040720962,10.0962833940047,76.593137254902,7.14850123899855,494.943826303554,61.0778443113772
2013,24.0,18.0,6.0,UEA,68.8,90.7960199004975,89.0,7.74133022040763,13.9280715968333,56.8433313919627,5.20105645506766,393.195648918197,68.452380952381
2013,90.0,88.0,2.0,Ulster,47.8,80.2005012531328,82.0,4.11132050927115,16.515399741453,45.3281853281853,6.27597179322805,281.719057949724,61.87624750499
2013,31.0,46.0,-15.0,University of the Arts London,67.2,77.0,69.0,8.9473241804427,17.3809968553042,52.9611980939415,6.24814992791927,302.483407407407,67.2
2013,54.0,59.0,-5.0,UWE Bristol,57.2,84.5,83.0,3.8191894785501,20.7522567636362,62.0265151515152,6.69652996327004,297.513568772324,66.9338677354709
2013,5.0,6.0,-1.0,Warwick,82.1,88.5286783042394,88.0,8.56027231744815,14.5484548375177,73.4335839598998,6.35038956060896,495.926920188716,62.124248496994
2013,68.0,110.0,-42.0,West London,53.4,78.25,76.0,6.95517174461479,21.0329671895805,48.8826815642458,3.95828558331423,229.122808988764,67.1342685370741
2013,107.0,118.0,-11.0,West of Scotland,39.6,82.5436408977556,82.0,3.55798965764111,22.1610387734656,55.5956678700361,3.68236787062326,272.340306122449,64.6
2013,93.0,87.0,6.0,Westminster,46.2,74.937343358396,74.0,4.16412902667186,18.4088286808691,53.4770514603616,6.38569854959775,290.112139154161,61.0441767068273
2013,87.0,69.0,18.0,Winchester,48.0,86.318407960199,81.0,2.65762166591915,18.5378294341413,46.514745308311,5.84009702017764,284.575493204735,67.4
2013,99.0,105.0,-6.0,Worcester,43.8,85.3904282115869,84.0,4.15673394479714,21.4807224299714,51.937984496124,5.12452469512546,281.802853820071,71.3426853707415
2013,17.0,15.0,2.0,York,71.3,88.7780548628429,87.0,6.77620320565064,15.6242298866158,67.0206489675516,4.86705171326466,449.503222298692,67.6646706586826
2013,100.0,96.0,4.0,York St John,43.8,87.4371859296482,84.0,5.36113201866626,21.3595899024788,49.7343251859724,3.70450097847358,280.8934375,71.2
2015,,,,Conservatoire for Dance and Drama,,,,,,,,,
2013,,,,University for the Creative Arts,,,,,,,,,
2013,,,,Heythrop College,,,,,,,,,
2013,,,,Harper Adams UC,,,,,,,,,
2015,,,,Newman University,,,,,,,,,
2013,,,,Brighton Sussex Medical School,,,,,,,,,
2013,,,,Norwich UC of the Arts,,,,,,,,,
2013,,,,University College Birmingham,,,,,,,,,
2015,,,,Stranmillis UC,,,,,,,,,
2014,,,,Royal Northern College of Music,,,,,,,,,
2013,,,,Royal Conservatoire of Scotland,,,,,,,,,
2014,,,,Royal Agricultural University,,,,,,,,,
2014,,,,Royal Academy of Music,,,,,,,,,
2015,,,,University for the Creative Arts,,,,,,,,,
2014,,,,The Liverpool Institute for Performing Arts,,,,,,,,,
2015,,,,Heythrop College,,,,,,,,,
2013,,,,Courtauld Institute,,,,,,,,,
2014,,,,Kingston - St George's University,,,,,,,,,
2015,,,,Brighton Sussex Medical School,,,,,,,,,
2013,,,,Trinity Laban Conservatoire,,,,,,,,,
2014,,,,Guildhall School of Music and Drama,,,,,,,,,
2014,,,,"St Mary's UC, Belfast",,,,,,,,,
2013,,,,"Arts UC, Bournemouth",,,,,,,,,
2014,,,,Writtle College,,,,,,,,,
2015,,,,Royal Conservatoire of Scotland,,,,,,,,,
2013,,,,Royal Agricultural College,,,,,,,,,
2013,,,,Rose Bruford College,,,,,,,,,
2013,,,,Hull York Medical School,,,,,,,,,
2015,,,,Birkbeck,,,,,,,,,
2015,,,,Trinity Laban Conservatoire,,,,,,,,,
2015,,,,Rose Bruford College,,,,,,,,,
2015,,,,Hull York Medical School,,,,,,,,,
2015,,,,Royal Central School of Speech & Drama,,,,,,,,,
2014,,,,SRUC,,,,,,,,,
2014,,,,Norwich University of the Arts,,,,,,,,,
2013,,,,Scottish Agricultural College,,,,,,,,,
2013,,,,Leeds Trinity University College,,,,,,,,,
2014,,,,Conservatoire for Dance and Drama,,,,,,,,,
2013,,,,Peninsula Medical School,,,,,,,,,
2014,,,,Royal College of Music,,,,,,,,,
2013,,,,Royal Veterinary College,,,,,,,,,
2015,,,,Leeds College of Art,,,,,,,,,
2013,,,,Royal Northern College of Music,,,,,,,,,
2015,,,,University Campus Suffolk,,,,,,,,,
2014,,,,Manchester School of Architecture,,,,,,,,,
2013,,,,The Liverpool Institute for Performing Arts,,,,,,,,,
2014,,,,Heythrop College,,,,,,,,,
2014,,,,Brighton Sussex Medical School,,,,,,,,,
2015,,,,Royal Veterinary College,,,,,,,,,
2015,,,,Courtauld Institute,,,,,,,,,
2013,,,,Guildhall School of Music and Drama,,,,,,,,,
2013,,,,"St Mary's UC, Belfast",,,,,,,,,
2015,,,,St Mark and St John,,,,,,,,,
2014,,,,Royal Conservatoire of Scotland,,,,,,,,,
2014,,,,Ravensbourne,,,,,,,,,
2015,,,,"St George's, UoL",,,,,,,,,
2014,,,,Royal Welsh College,,,,,,,,,
2015,,,,The Liverpool Institute for Performing Arts,,,,,,,,,
2015,,,,"St Mary's UC, Belfast",,,,,,,,,
2013,,,,Glasgow School of Art,,,,,,,,,
2015,,,,Arts University Bournemouth,,,,,,,,,
2014,,,,Harper Adams,,,,,,,,,
2015,,,,Buckingham,,,,,,,,,
2014,,,,Newman University,,,,,,,,,
2015,,,,Highlands & Islands,,,,,,,,,
2015,,,,Glasgow School of Art,,,,,,,,,
2014,,,,Stranmillis UC,,,,,,,,,
2014,,,,Bishop Grosseteste,,,,,,,,,
2013,,,,Royal Academy of Music,,,,,,,,,
2014,,,,University for the Creative Arts,,,,,,,,,
2013,,,,Royal College of Music,,,,,,,,,
2015,,,,Norwich University of the Arts,,,,,,,,,
2014,,,,Leeds College of Art,,,,,,,,,
2013,,,,Marjon (St Mark and St John),,,,,,,,,
2013,,,,Leeds College of Music,,,,,,,,,
2015,,,,Royal Northern College of Music,,,,,,,,,
2013,,,,Manchester School of Architecture,,,,,,,,,
2013,,,,Central School of Speech and Drama,,,,,,,,,
2013,,,,Writtle College,,,,,,,,,
2015,,,,Medway School of Pharmacy,,,,,,,,,
2015,,,,Royal Agricultural University,,,,,,,,,
2015,,,,Royal Academy of Music,,,,,,,,,
2015,,,,Royal College of Music,,,,,,,,,
2014,,,,Royal Veterinary College,,,,,,,,,
2014,,,,Courtauld Institute,,,,,,,,,
2014,,,,Trinity Laban Conservatoire,,,,,,,,,
2015,,,,Kingston - St George's University,,,,,,,,,
2015,,,,Guildhall School of Music and Drama,,,,,,,,,
2013,,,,Ravensbourne,,,,,,,,,
2014,,,,"St George's, UoL",,,,,,,,,
2015,,,,Manchester School of Architecture,,,,,,,,,
2013,,,,Bishop Grosseteste UC,,,,,,,,,
2015,,,,Writtle College,,,,,,,,,
2014,,,,Rose Bruford College,,,,,,,,,
2014,,,,Hull York Medical School,,,,,,,,,
2014,,,,Royal Central School of Speech & Drama,,,,,,,,,
2014,,,,Arts University Bournemouth,,,,,,,,,
2013,,,,St George's Medical School,,,,,,,,,
2015,,,,Ravensbourne,,,,,,,,,
2013,,,,Conservatoire for Dance and Drama,,,,,,,,,
2015,,,,Bishop Grosseteste UC,,,,,,,,,
2015,,,,Royal Welsh College,,,,,,,,,
2015,,,,SRUC,,,,,,,,,
2014,,,,Glasgow School of Art,,,,,,,,,
2013,,,,Stranmillis UC,,,,,,,,,
2015,,,,Harper Adams,,,,,,,,,
